status_checking,n,default_rate
A11,274,0.4927007299270073
A12,269,0.3903345724907063
A13,63,0.2222222222222222
A14,394,0.116751269035533
