model,roc_auc,accuracy,f1
logistic_glm,0.7296428571428571,0.73,0.5
decision_tree_tuned,0.7064285714285713,0.695,0.48739495798319327
